<!--<configuration>
    <include resource="org/springframework/boot/logging/logback/console-appender.xml" />
    <appender name="CLOUD" class="com.google.cloud.logging.logback.LoggingAppender">
        &lt;!&ndash; Optional : filter logs at or above a level &ndash;&gt;
        <filter class="ch.qos.logback.classic.filter.ThresholdFilter">
            <level>INFO</level>
        </filter>
        <log>application.log</log> &lt;!&ndash; Optional : default java.log &ndash;&gt;
        <resourceType>gae_app</resourceType> &lt;!&ndash; Optional : default: auto-detected, fallback: global &ndash;&gt;
        <enhancer>com.example.logging.logback.enhancers.ExampleEnhancer</enhancer> &lt;!&ndash; Optional &ndash;&gt;
        <flushLevel>WARN</flushLevel> &lt;!&ndash; Optional : default ERROR &ndash;&gt;
    </appender>

    <root level="info">
        <appender-ref ref="CONSOLE"/>
        <appender-ref ref="CLOUD" />
    </root>
</configuration>-->


<configuration>
    <include resource="org/springframework/cloud/gcp/logging/logback-appender.xml" />
    <include resource="org/springframework/boot/logging/logback/defaults.xml"/>
    <include resource="org/springframework/boot/logging/logback/console-appender.xml" />

    <logger name="org.springframework.cloud.sleuth" level="TRACE"/>
    <logger name="org.springframework.cloud.sleuth.log" level="DEBUG"/>
    <logger name="org.springframework.cloud.sleuth.trace" level="DEBUG"/>

    <appender name="CLOUD" class="com.google.cloud.logging.logback.LoggingAppender">
    </appender>

    <root level="INFO">
        <!-- If running in GCP, remove the CONSOLE appender otherwise logs will be duplicated. -->
        <appender-ref ref="CONSOLE"/>
        <appender-ref ref="CLOUD"/>
    </root>
</configuration>